log_id,user_id,ip_address,timestamp,result
1,62,192.168.1.212,2025-01-01 00:05:00,FAIL
2,37,192.168.1.189,2025-01-01 00:10:00,SUCCESS
3,42,192.168.1.134,2025-01-01 00:15:00,FAIL
4,5,192.168.1.103,2025-01-01 00:20:00,FAIL
5,4,192.168.1.2,2025-01-01 00:25:00,FAIL
6,72,192.168.1.153,2025-01-01 00:30:00,SUCCESS
7,52,192.168.1.137,2025-01-01 00:35:00,FAIL
8,30,192.168.1.206,2025-01-01 00:40:00,SUCCESS
9,4,192.168.1.48,2025-01-01 00:45:00,FAIL
10,16,192.168.1.144,2025-01-01 00:50:00,SUCCESS
11,42,192.168.1.103,2025-01-01 00:55:00,FAIL
12,25,192.168.1.221,2025-01-01 01:00:00,SUCCESS
13,96,192.168.1.30,2025-01-01 01:05:00,FAIL
14,7,192.168.1.33,2025-01-01 01:10:00,SUCCESS
15,85,192.168.1.73,2025-01-01 01:15:00,FAIL
16,71,192.168.1.4,2025-01-01 01:20:00,FAIL
17,87,192.168.1.142,2025-01-01 01:25:00,FAIL
18,8,192.168.1.219,2025-01-01 01:30:00,FAIL
19,79,192.168.1.190,2025-01-01 01:35:00,SUCCESS
20,80,192.168.1.219,2025-01-01 01:40:00,FAIL
21,99,192.168.1.40,2025-01-01 01:45:00,FAIL
22,58,192.168.1.50,2025-01-01 01:50:00,SUCCESS
23,16,192.168.1.251,2025-01-01 01:55:00,SUCCESS
24,25,192.168.1.91,2025-01-01 02:00:00,FAIL
25,84,192.168.1.147,2025-01-01 02:05:00,SUCCESS
26,95,192.168.1.162,2025-01-01 02:10:00,FAIL
27,77,192.168.1.40,2025-01-01 02:15:00,SUCCESS
28,86,192.168.1.180,2025-01-01 02:20:00,SUCCESS
29,10,192.168.1.17,2025-01-01 02:25:00,SUCCESS
30,47,192.168.1.207,2025-01-01 02:30:00,FAIL
31,79,192.168.1.26,2025-01-01 02:35:00,FAIL
32,7,192.168.1.20,2025-01-01 02:40:00,FAIL
33,91,192.168.1.99,2025-01-01 02:45:00,SUCCESS
34,59,192.168.1.20,2025-01-01 02:50:00,FAIL
35,89,192.168.1.239,2025-01-01 02:55:00,SUCCESS
36,96,192.168.1.115,2025-01-01 03:00:00,SUCCESS
37,12,192.168.1.201,2025-01-01 03:05:00,SUCCESS
38,17,192.168.1.97,2025-01-01 03:10:00,SUCCESS
39,54,192.168.1.33,2025-01-01 03:15:00,SUCCESS
40,10,192.168.1.40,2025-01-01 03:20:00,SUCCESS
41,68,192.168.1.20,2025-01-01 03:25:00,SUCCESS
42,44,192.168.1.245,2025-01-01 03:30:00,FAIL
43,34,192.168.1.240,2025-01-01 03:35:00,FAIL
44,97,192.168.1.95,2025-01-01 03:40:00,FAIL
45,99,192.168.1.125,2025-01-01 03:45:00,FAIL
46,82,192.168.1.169,2025-01-01 03:50:00,SUCCESS
47,10,192.168.1.216,2025-01-01 03:55:00,SUCCESS
48,7,192.168.1.182,2025-01-01 04:00:00,FAIL
49,78,192.168.1.79,2025-01-01 04:05:00,SUCCESS
50,81,192.168.1.83,2025-01-01 04:10:00,SUCCESS
51,88,192.168.1.55,2025-01-01 04:15:00,FAIL
52,26,192.168.1.3,2025-01-01 04:20:00,FAIL
53,45,192.168.1.180,2025-01-01 04:25:00,SUCCESS
54,80,192.168.1.64,2025-01-01 04:30:00,FAIL
55,64,192.168.1.214,2025-01-01 04:35:00,SUCCESS
56,7,192.168.1.97,2025-01-01 04:40:00,FAIL
57,51,192.168.1.217,2025-01-01 04:45:00,SUCCESS
58,23,192.168.1.20,2025-01-01 04:50:00,FAIL
59,88,192.168.1.38,2025-01-01 04:55:00,FAIL
60,22,192.168.1.177,2025-01-01 05:00:00,FAIL
61,74,192.168.1.139,2025-01-01 05:05:00,FAIL
62,81,192.168.1.101,2025-01-01 05:10:00,SUCCESS
63,9,192.168.1.92,2025-01-01 05:15:00,FAIL
64,79,192.168.1.153,2025-01-01 05:20:00,FAIL
65,96,192.168.1.82,2025-01-01 05:25:00,SUCCESS
66,90,192.168.1.152,2025-01-01 05:30:00,FAIL
67,71,192.168.1.2,2025-01-01 05:35:00,FAIL
68,30,192.168.1.155,2025-01-01 05:40:00,FAIL
69,9,192.168.1.222,2025-01-01 05:45:00,FAIL
70,30,192.168.1.202,2025-01-01 05:50:00,FAIL
71,1,192.168.1.105,2025-01-01 05:55:00,SUCCESS
72,64,192.168.1.97,2025-01-01 06:00:00,SUCCESS
73,34,192.168.1.171,2025-01-01 06:05:00,SUCCESS
74,22,192.168.1.46,2025-01-01 06:10:00,FAIL
75,69,192.168.1.19,2025-01-01 06:15:00,FAIL
76,38,192.168.1.156,2025-01-01 06:20:00,FAIL
77,16,192.168.1.151,2025-01-01 06:25:00,SUCCESS
78,58,192.168.1.137,2025-01-01 06:30:00,FAIL
79,67,192.168.1.122,2025-01-01 06:35:00,FAIL
80,91,192.168.1.110,2025-01-01 06:40:00,SUCCESS
81,16,192.168.1.3,2025-01-01 06:45:00,FAIL
82,68,192.168.1.241,2025-01-01 06:50:00,SUCCESS
83,82,192.168.1.40,2025-01-01 06:55:00,FAIL
84,7,192.168.1.241,2025-01-01 07:00:00,SUCCESS
85,26,192.168.1.31,2025-01-01 07:05:00,FAIL
86,14,192.168.1.148,2025-01-01 07:10:00,SUCCESS
87,8,192.168.1.38,2025-01-01 07:15:00,SUCCESS
88,81,192.168.1.82,2025-01-01 07:20:00,SUCCESS
89,68,192.168.1.31,2025-01-01 07:25:00,SUCCESS
90,84,192.168.1.91,2025-01-01 07:30:00,SUCCESS
91,28,192.168.1.209,2025-01-01 07:35:00,SUCCESS
92,89,192.168.1.139,2025-01-01 07:40:00,SUCCESS
93,13,192.168.1.205,2025-01-01 07:45:00,SUCCESS
94,75,192.168.1.115,2025-01-01 07:50:00,SUCCESS
95,31,192.168.1.111,2025-01-01 07:55:00,SUCCESS
96,54,192.168.1.122,2025-01-01 08:00:00,SUCCESS
97,3,192.168.1.193,2025-01-01 08:05:00,FAIL
98,39,192.168.1.164,2025-01-01 08:10:00,FAIL
99,74,192.168.1.1,2025-01-01 08:15:00,SUCCESS
100,67,192.168.1.87,2025-01-01 08:20:00,SUCCESS
101,46,192.168.1.36,2025-01-01 08:25:00,SUCCESS
102,33,192.168.1.36,2025-01-01 08:30:00,FAIL
103,92,192.168.1.115,2025-01-01 08:35:00,SUCCESS
104,56,192.168.1.102,2025-01-01 08:40:00,SUCCESS
105,12,192.168.1.101,2025-01-01 08:45:00,FAIL
106,96,192.168.1.131,2025-01-01 08:50:00,SUCCESS
107,71,192.168.1.95,2025-01-01 08:55:00,SUCCESS
108,13,192.168.1.125,2025-01-01 09:00:00,SUCCESS
109,95,192.168.1.186,2025-01-01 09:05:00,SUCCESS
110,59,192.168.1.236,2025-01-01 09:10:00,FAIL
111,80,192.168.1.109,2025-01-01 09:15:00,FAIL
112,82,192.168.1.91,2025-01-01 09:20:00,SUCCESS
113,32,192.168.1.192,2025-01-01 09:25:00,FAIL
114,9,192.168.1.96,2025-01-01 09:30:00,FAIL
115,47,192.168.1.23,2025-01-01 09:35:00,FAIL
116,72,192.168.1.18,2025-01-01 09:40:00,SUCCESS
117,82,192.168.1.110,2025-01-01 09:45:00,SUCCESS
118,15,192.168.1.1,2025-01-01 09:50:00,SUCCESS
119,17,192.168.1.160,2025-01-01 09:55:00,SUCCESS
120,43,192.168.1.33,2025-01-01 10:00:00,SUCCESS
121,73,192.168.1.60,2025-01-01 10:05:00,FAIL
122,42,192.168.1.198,2025-01-01 10:10:00,FAIL
123,6,192.168.1.23,2025-01-01 10:15:00,FAIL
124,95,192.168.1.83,2025-01-01 10:20:00,SUCCESS
125,87,192.168.1.178,2025-01-01 10:25:00,FAIL
126,42,192.168.1.190,2025-01-01 10:30:00,FAIL
127,71,192.168.1.105,2025-01-01 10:35:00,SUCCESS
128,31,192.168.1.74,2025-01-01 10:40:00,FAIL
129,77,192.168.1.246,2025-01-01 10:45:00,SUCCESS
130,58,192.168.1.202,2025-01-01 10:50:00,FAIL
131,79,192.168.1.212,2025-01-01 10:55:00,SUCCESS
132,22,192.168.1.213,2025-01-01 11:00:00,FAIL
133,18,192.168.1.211,2025-01-01 11:05:00,FAIL
134,12,192.168.1.185,2025-01-01 11:10:00,FAIL
135,36,192.168.1.48,2025-01-01 11:15:00,FAIL
136,14,192.168.1.120,2025-01-01 11:20:00,SUCCESS
137,1,192.168.1.122,2025-01-01 11:25:00,SUCCESS
138,19,192.168.1.50,2025-01-01 11:30:00,FAIL
139,45,192.168.1.77,2025-01-01 11:35:00,FAIL
140,61,192.168.1.248,2025-01-01 11:40:00,SUCCESS
141,52,192.168.1.162,2025-01-01 11:45:00,SUCCESS
142,25,192.168.1.249,2025-01-01 11:50:00,SUCCESS
143,51,192.168.1.59,2025-01-01 11:55:00,FAIL
144,29,192.168.1.102,2025-01-01 12:00:00,FAIL
145,37,192.168.1.51,2025-01-01 12:05:00,FAIL
146,65,192.168.1.31,2025-01-01 12:10:00,SUCCESS
147,11,192.168.1.9,2025-01-01 12:15:00,FAIL
148,16,192.168.1.249,2025-01-01 12:20:00,FAIL
149,45,192.168.1.178,2025-01-01 12:25:00,SUCCESS
150,60,192.168.1.63,2025-01-01 12:30:00,SUCCESS
151,75,192.168.1.151,2025-01-01 12:35:00,SUCCESS
152,69,192.168.1.181,2025-01-01 12:40:00,FAIL
153,6,192.168.1.199,2025-01-01 12:45:00,FAIL
154,57,192.168.1.141,2025-01-01 12:50:00,FAIL
155,4,192.168.1.167,2025-01-01 12:55:00,FAIL
156,48,192.168.1.78,2025-01-01 13:00:00,FAIL
157,52,192.168.1.138,2025-01-01 13:05:00,FAIL
158,27,192.168.1.145,2025-01-01 13:10:00,FAIL
159,7,192.168.1.184,2025-01-01 13:15:00,FAIL
160,83,192.168.1.140,2025-01-01 13:20:00,FAIL
161,52,192.168.1.136,2025-01-01 13:25:00,SUCCESS
162,11,192.168.1.243,2025-01-01 13:30:00,FAIL
163,34,192.168.1.242,2025-01-01 13:35:00,SUCCESS
164,97,192.168.1.80,2025-01-01 13:40:00,FAIL
165,64,192.168.1.105,2025-01-01 13:45:00,FAIL
166,4,192.168.1.134,2025-01-01 13:50:00,FAIL
167,95,192.168.1.51,2025-01-01 13:55:00,SUCCESS
168,28,192.168.1.97,2025-01-01 14:00:00,SUCCESS
169,99,192.168.1.78,2025-01-01 14:05:00,FAIL
170,70,192.168.1.249,2025-01-01 14:10:00,FAIL
171,32,192.168.1.153,2025-01-01 14:15:00,FAIL
172,96,192.168.1.196,2025-01-01 14:20:00,FAIL
173,82,192.168.1.197,2025-01-01 14:25:00,FAIL
174,50,192.168.1.51,2025-01-01 14:30:00,SUCCESS
175,88,192.168.1.111,2025-01-01 14:35:00,FAIL
176,1,192.168.1.214,2025-01-01 14:40:00,SUCCESS
177,72,192.168.1.97,2025-01-01 14:45:00,FAIL
178,82,192.168.1.195,2025-01-01 14:50:00,FAIL
179,9,192.168.1.62,2025-01-01 14:55:00,SUCCESS
180,73,192.168.1.65,2025-01-01 15:00:00,SUCCESS
181,52,192.168.1.155,2025-01-01 15:05:00,FAIL
182,5,192.168.1.65,2025-01-01 15:10:00,FAIL
183,74,192.168.1.79,2025-01-01 15:15:00,SUCCESS
184,19,192.168.1.83,2025-01-01 15:20:00,SUCCESS
185,22,192.168.1.98,2025-01-01 15:25:00,SUCCESS
186,3,192.168.1.131,2025-01-01 15:30:00,FAIL
187,13,192.168.1.199,2025-01-01 15:35:00,SUCCESS
188,62,192.168.1.27,2025-01-01 15:40:00,SUCCESS
189,89,192.168.1.142,2025-01-01 15:45:00,FAIL
190,26,192.168.1.136,2025-01-01 15:50:00,SUCCESS
191,34,192.168.1.19,2025-01-01 15:55:00,FAIL
192,46,192.168.1.222,2025-01-01 16:00:00,SUCCESS
193,11,192.168.1.194,2025-01-01 16:05:00,FAIL
194,66,192.168.1.71,2025-01-01 16:10:00,FAIL
195,40,192.168.1.142,2025-01-01 16:15:00,FAIL
196,97,192.168.1.15,2025-01-01 16:20:00,SUCCESS
197,13,192.168.1.51,2025-01-01 16:25:00,SUCCESS
198,74,192.168.1.199,2025-01-01 16:30:00,FAIL
199,79,192.168.1.153,2025-01-01 16:35:00,FAIL
200,29,192.168.1.148,2025-01-01 16:40:00,SUCCESS
201,91,192.168.1.191,2025-01-01 16:45:00,SUCCESS
202,27,192.168.1.201,2025-01-01 16:50:00,SUCCESS
203,63,192.168.1.184,2025-01-01 16:55:00,FAIL
204,62,192.168.1.150,2025-01-01 17:00:00,SUCCESS
205,42,192.168.1.220,2025-01-01 17:05:00,FAIL
206,32,192.168.1.46,2025-01-01 17:10:00,SUCCESS
207,73,192.168.1.99,2025-01-01 17:15:00,SUCCESS
208,69,192.168.1.89,2025-01-01 17:20:00,FAIL
209,63,192.168.1.163,2025-01-01 17:25:00,FAIL
210,91,192.168.1.247,2025-01-01 17:30:00,SUCCESS
211,4,192.168.1.195,2025-01-01 17:35:00,FAIL
212,23,192.168.1.235,2025-01-01 17:40:00,FAIL
213,98,192.168.1.4,2025-01-01 17:45:00,SUCCESS
214,8,192.168.1.130,2025-01-01 17:50:00,FAIL
215,4,192.168.1.36,2025-01-01 17:55:00,FAIL
216,83,192.168.1.162,2025-01-01 18:00:00,SUCCESS
217,25,192.168.1.125,2025-01-01 18:05:00,FAIL
218,92,192.168.1.130,2025-01-01 18:10:00,FAIL
219,36,192.168.1.204,2025-01-01 18:15:00,SUCCESS
220,61,192.168.1.88,2025-01-01 18:20:00,FAIL
221,9,192.168.1.100,2025-01-01 18:25:00,FAIL
222,85,192.168.1.253,2025-01-01 18:30:00,FAIL
223,61,192.168.1.154,2025-01-01 18:35:00,SUCCESS
224,32,192.168.1.238,2025-01-01 18:40:00,FAIL
225,10,192.168.1.53,2025-01-01 18:45:00,FAIL
226,50,192.168.1.130,2025-01-01 18:50:00,SUCCESS
227,25,192.168.1.10,2025-01-01 18:55:00,SUCCESS
228,90,192.168.1.166,2025-01-01 19:00:00,FAIL
229,19,192.168.1.23,2025-01-01 19:05:00,SUCCESS
230,90,192.168.1.240,2025-01-01 19:10:00,FAIL
231,84,192.168.1.1,2025-01-01 19:15:00,SUCCESS
232,63,192.168.1.186,2025-01-01 19:20:00,FAIL
233,56,192.168.1.118,2025-01-01 19:25:00,SUCCESS
234,12,192.168.1.243,2025-01-01 19:30:00,FAIL
235,75,192.168.1.110,2025-01-01 19:35:00,FAIL
236,70,192.168.1.1,2025-01-01 19:40:00,SUCCESS
237,40,192.168.1.240,2025-01-01 19:45:00,SUCCESS
238,82,192.168.1.28,2025-01-01 19:50:00,FAIL
239,100,192.168.1.233,2025-01-01 19:55:00,FAIL
240,66,192.168.1.117,2025-01-01 20:00:00,SUCCESS
241,19,192.168.1.126,2025-01-01 20:05:00,SUCCESS
242,87,192.168.1.15,2025-01-01 20:10:00,SUCCESS
243,71,192.168.1.213,2025-01-01 20:15:00,FAIL
244,53,192.168.1.119,2025-01-01 20:20:00,FAIL
245,70,192.168.1.60,2025-01-01 20:25:00,FAIL
246,100,192.168.1.31,2025-01-01 20:30:00,FAIL
247,15,192.168.1.97,2025-01-01 20:35:00,FAIL
248,82,192.168.1.200,2025-01-01 20:40:00,FAIL
249,92,192.168.1.242,2025-01-01 20:45:00,SUCCESS
250,82,192.168.1.220,2025-01-01 20:50:00,SUCCESS
251,45,192.168.1.188,2025-01-01 20:55:00,SUCCESS
252,43,192.168.1.110,2025-01-01 21:00:00,FAIL
253,92,192.168.1.20,2025-01-01 21:05:00,SUCCESS
254,100,192.168.1.77,2025-01-01 21:10:00,SUCCESS
255,23,192.168.1.140,2025-01-01 21:15:00,SUCCESS
256,79,192.168.1.94,2025-01-01 21:20:00,FAIL
257,61,192.168.1.54,2025-01-01 21:25:00,SUCCESS
258,53,192.168.1.182,2025-01-01 21:30:00,FAIL
259,50,192.168.1.16,2025-01-01 21:35:00,SUCCESS
260,33,192.168.1.77,2025-01-01 21:40:00,FAIL
261,30,192.168.1.128,2025-01-01 21:45:00,FAIL
262,12,192.168.1.244,2025-01-01 21:50:00,SUCCESS
263,75,192.168.1.15,2025-01-01 21:55:00,SUCCESS
264,57,192.168.1.226,2025-01-01 22:00:00,SUCCESS
265,63,192.168.1.67,2025-01-01 22:05:00,SUCCESS
266,52,192.168.1.215,2025-01-01 22:10:00,FAIL
267,33,192.168.1.212,2025-01-01 22:15:00,FAIL
268,28,192.168.1.17,2025-01-01 22:20:00,SUCCESS
269,8,192.168.1.154,2025-01-01 22:25:00,SUCCESS
270,87,192.168.1.202,2025-01-01 22:30:00,SUCCESS
271,3,192.168.1.11,2025-01-01 22:35:00,FAIL
272,72,192.168.1.204,2025-01-01 22:40:00,FAIL
273,50,192.168.1.190,2025-01-01 22:45:00,SUCCESS
274,51,192.168.1.157,2025-01-01 22:50:00,FAIL
275,47,192.168.1.125,2025-01-01 22:55:00,SUCCESS
276,87,192.168.1.34,2025-01-01 23:00:00,SUCCESS
277,25,192.168.1.127,2025-01-01 23:05:00,FAIL
278,90,192.168.1.59,2025-01-01 23:10:00,SUCCESS
279,54,192.168.1.158,2025-01-01 23:15:00,FAIL
280,58,192.168.1.197,2025-01-01 23:20:00,SUCCESS
281,1,192.168.1.138,2025-01-01 23:25:00,SUCCESS
282,52,192.168.1.217,2025-01-01 23:30:00,FAIL
283,59,192.168.1.110,2025-01-01 23:35:00,SUCCESS
284,64,192.168.1.92,2025-01-01 23:40:00,SUCCESS
285,63,192.168.1.186,2025-01-01 23:45:00,FAIL
286,88,192.168.1.6,2025-01-01 23:50:00,SUCCESS
287,10,192.168.1.246,2025-01-01 23:55:00,SUCCESS
288,93,192.168.1.211,2025-01-02 00:00:00,SUCCESS
289,28,192.168.1.250,2025-01-02 00:05:00,FAIL
290,79,192.168.1.247,2025-01-02 00:10:00,FAIL
291,16,192.168.1.144,2025-01-02 00:15:00,SUCCESS
292,88,192.168.1.182,2025-01-02 00:20:00,SUCCESS
293,22,192.168.1.5,2025-01-02 00:25:00,FAIL
294,21,192.168.1.4,2025-01-02 00:30:00,SUCCESS
295,67,192.168.1.130,2025-01-02 00:35:00,SUCCESS
296,100,192.168.1.51,2025-01-02 00:40:00,FAIL
297,81,192.168.1.3,2025-01-02 00:45:00,SUCCESS
298,66,192.168.1.241,2025-01-02 00:50:00,SUCCESS
299,17,192.168.1.252,2025-01-02 00:55:00,FAIL
300,17,192.168.1.55,2025-01-02 01:00:00,SUCCESS
301,64,192.168.1.198,2025-01-02 01:05:00,SUCCESS
302,63,192.168.1.94,2025-01-02 01:10:00,SUCCESS
303,35,192.168.1.8,2025-01-02 01:15:00,SUCCESS
304,85,192.168.1.244,2025-01-02 01:20:00,FAIL
305,16,192.168.1.141,2025-01-02 01:25:00,FAIL
306,63,192.168.1.231,2025-01-02 01:30:00,SUCCESS
307,58,192.168.1.134,2025-01-02 01:35:00,FAIL
308,29,192.168.1.181,2025-01-02 01:40:00,SUCCESS
309,15,192.168.1.30,2025-01-02 01:45:00,FAIL
310,83,192.168.1.76,2025-01-02 01:50:00,SUCCESS
311,54,192.168.1.193,2025-01-02 01:55:00,SUCCESS
312,5,192.168.1.250,2025-01-02 02:00:00,FAIL
313,54,192.168.1.48,2025-01-02 02:05:00,SUCCESS
314,79,192.168.1.115,2025-01-02 02:10:00,FAIL
315,23,192.168.1.197,2025-01-02 02:15:00,FAIL
316,20,192.168.1.174,2025-01-02 02:20:00,FAIL
317,61,192.168.1.37,2025-01-02 02:25:00,FAIL
318,37,192.168.1.254,2025-01-02 02:30:00,FAIL
319,36,192.168.1.1,2025-01-02 02:35:00,FAIL
320,37,192.168.1.236,2025-01-02 02:40:00,SUCCESS
321,89,192.168.1.101,2025-01-02 02:45:00,SUCCESS
322,76,192.168.1.132,2025-01-02 02:50:00,FAIL
323,30,192.168.1.117,2025-01-02 02:55:00,SUCCESS
324,45,192.168.1.114,2025-01-02 03:00:00,FAIL
325,98,192.168.1.136,2025-01-02 03:05:00,FAIL
326,49,192.168.1.13,2025-01-02 03:10:00,FAIL
327,77,192.168.1.39,2025-01-02 03:15:00,FAIL
328,60,192.168.1.203,2025-01-02 03:20:00,FAIL
329,95,192.168.1.137,2025-01-02 03:25:00,FAIL
330,49,192.168.1.85,2025-01-02 03:30:00,SUCCESS
331,22,192.168.1.229,2025-01-02 03:35:00,FAIL
332,22,192.168.1.7,2025-01-02 03:40:00,FAIL
333,18,192.168.1.19,2025-01-02 03:45:00,SUCCESS
334,11,192.168.1.83,2025-01-02 03:50:00,FAIL
335,74,192.168.1.80,2025-01-02 03:55:00,FAIL
336,48,192.168.1.66,2025-01-02 04:00:00,SUCCESS
337,70,192.168.1.77,2025-01-02 04:05:00,SUCCESS
338,73,192.168.1.200,2025-01-02 04:10:00,FAIL
339,11,192.168.1.235,2025-01-02 04:15:00,SUCCESS
340,80,192.168.1.121,2025-01-02 04:20:00,FAIL
341,36,192.168.1.196,2025-01-02 04:25:00,SUCCESS
342,91,192.168.1.252,2025-01-02 04:30:00,FAIL
343,96,192.168.1.245,2025-01-02 04:35:00,SUCCESS
344,91,192.168.1.91,2025-01-02 04:40:00,SUCCESS
345,64,192.168.1.210,2025-01-02 04:45:00,SUCCESS
346,27,192.168.1.93,2025-01-02 04:50:00,SUCCESS
347,17,192.168.1.94,2025-01-02 04:55:00,SUCCESS
348,18,192.168.1.252,2025-01-02 05:00:00,FAIL
349,76,192.168.1.97,2025-01-02 05:05:00,FAIL
350,62,192.168.1.24,2025-01-02 05:10:00,SUCCESS
351,8,192.168.1.159,2025-01-02 05:15:00,FAIL
352,77,192.168.1.22,2025-01-02 05:20:00,FAIL
353,74,192.168.1.5,2025-01-02 05:25:00,FAIL
354,12,192.168.1.245,2025-01-02 05:30:00,FAIL
355,63,192.168.1.81,2025-01-02 05:35:00,SUCCESS
356,77,192.168.1.58,2025-01-02 05:40:00,FAIL
357,35,192.168.1.243,2025-01-02 05:45:00,FAIL
358,33,192.168.1.144,2025-01-02 05:50:00,FAIL
359,45,192.168.1.133,2025-01-02 05:55:00,FAIL
360,44,192.168.1.30,2025-01-02 06:00:00,FAIL
361,77,192.168.1.252,2025-01-02 06:05:00,FAIL
362,58,192.168.1.180,2025-01-02 06:10:00,SUCCESS
363,74,192.168.1.127,2025-01-02 06:15:00,SUCCESS
364,66,192.168.1.78,2025-01-02 06:20:00,SUCCESS
365,67,192.168.1.1,2025-01-02 06:25:00,FAIL
366,17,192.168.1.164,2025-01-02 06:30:00,FAIL
367,97,192.168.1.172,2025-01-02 06:35:00,FAIL
368,60,192.168.1.39,2025-01-02 06:40:00,FAIL
369,23,192.168.1.21,2025-01-02 06:45:00,FAIL
370,81,192.168.1.121,2025-01-02 06:50:00,FAIL
371,50,192.168.1.30,2025-01-02 06:55:00,FAIL
372,93,192.168.1.93,2025-01-02 07:00:00,FAIL
373,54,192.168.1.201,2025-01-02 07:05:00,SUCCESS
374,51,192.168.1.8,2025-01-02 07:10:00,FAIL
375,71,192.168.1.254,2025-01-02 07:15:00,FAIL
376,93,192.168.1.171,2025-01-02 07:20:00,FAIL
377,63,192.168.1.57,2025-01-02 07:25:00,SUCCESS
378,50,192.168.1.148,2025-01-02 07:30:00,FAIL
379,3,192.168.1.144,2025-01-02 07:35:00,SUCCESS
380,73,192.168.1.10,2025-01-02 07:40:00,SUCCESS
381,46,192.168.1.155,2025-01-02 07:45:00,SUCCESS
382,21,192.168.1.149,2025-01-02 07:50:00,SUCCESS
383,38,192.168.1.77,2025-01-02 07:55:00,FAIL
384,56,192.168.1.10,2025-01-02 08:00:00,FAIL
385,95,192.168.1.127,2025-01-02 08:05:00,FAIL
386,79,192.168.1.66,2025-01-02 08:10:00,FAIL
387,99,192.168.1.96,2025-01-02 08:15:00,FAIL
388,90,192.168.1.82,2025-01-02 08:20:00,FAIL
389,89,192.168.1.179,2025-01-02 08:25:00,FAIL
390,23,192.168.1.71,2025-01-02 08:30:00,FAIL
391,75,192.168.1.151,2025-01-02 08:35:00,SUCCESS
392,8,192.168.1.156,2025-01-02 08:40:00,SUCCESS
393,48,192.168.1.161,2025-01-02 08:45:00,FAIL
394,76,192.168.1.238,2025-01-02 08:50:00,SUCCESS
395,63,192.168.1.6,2025-01-02 08:55:00,SUCCESS
396,52,192.168.1.218,2025-01-02 09:00:00,SUCCESS
397,14,192.168.1.22,2025-01-02 09:05:00,FAIL
398,31,192.168.1.184,2025-01-02 09:10:00,SUCCESS
399,99,192.168.1.155,2025-01-02 09:15:00,FAIL
400,83,192.168.1.107,2025-01-02 09:20:00,FAIL
